,player_id
1,oqv67evj
2,l1q6i1lr
3,3j9kf9ns
4,qaxgk397
5,er8vuyv8
6,6mm7mbv1
7,pxpqnt66
8,0y77xtjm
9,mlma8w3q
10,98zk0scd
11,0bpcyafg
12,rpgj968r
13,wrh4bqin
14,5q4629fk
15,lbkr1crz
16,gjsqckrd
17,f55vmu5x
18,bma0srqq
19,nx15d21i
20,sb7de9eb
21,jqazmo1u
22,c5t79knf
23,ys5im1k2
24,s1k41elc
25,68cezkm8
26,79uz077o
27,1uhbe5m4
28,adjn8erd
29,3fciq2r9
30,08j6967l
31,y7mt53ap
32,70i0iqpd
33,wj2wgyod
34,nmqp9p9r
35,174exkx9
36,jhivq3t5
37,gezd1f9u
38,7ujzrwno
39,gpn1bjkk
40,euteddt8
41,jwxy8vbg
42,9rfg1sak
43,gxhtca8z
44,dt749wgb
45,o3ti0c4j
46,n95ynkim
47,by57xk1p
48,tltkp10y
49,lnf93pi3
50,oks6z03d
51,r7d6ixod
52,8galu2pc
53,5prs7jvx
54,ul6i935g
55,3igsyuyz
56,gbo4x965
57,o2iqdv3e
58,tyqobu8w
